date,record_id,customer,region,category,amount,quantity,status,remarks,test_column
2026-09-25 12:55:58.060,R028,Customer 28,West,Services,2036.128,6,ACTIVE,Order batch 28,
2026-09-25 12:55:58.060,R016,Customer 16,West,Retail,1592.484,2,ACTIVE,Order batch 16,
2026-09-25 12:55:58.060,R024,Customer XX,West,Online,1888.37,2,PENDING,Replacement order 24,
2026-09-25 12:55:58.060,R018,Customer 18,South,Services,1666.00,4,PENDING,Order batch 18 ,
2026-09-25 12:55:58.060,R009,Customer 09,North,Online,1333.00,3,PENDING,Order batch 09,
2026-09-25 12:55:58.060,R010,Customer 10,South,Partner,1370.00,99,ACTIVE,Order batch 10,
2026-09-25 12:55:58.060,R029,Customer 29,North,Online,2073.00,7,INACTIVE,Order batch 29,
2026-09-25 12:55:58.060,R025,Customer 25,North,Partner,1925.00,3,ACTIVE,Order batch 25,
2026-09-25 12:55:58.060,R013,Customer 13,North,Services,1481.00,7,ACTIVE,Order batch 13,
2026-09-25 12:55:58.060,R001,Customer 01,North,Retail,1037.00,3,ACTIVE,Order batch 01,
2026-09-25 12:55:58.060,R005,Customer 05,North,Partner,1185.00,7,INACTIVE,Order batch 05,
2026-09-25 12:55:58.060,R017,Customer 17,North,Wholesale,1629.0000,3,INACTIVE,Order batch 17,
2026-09-25 12:55:58.060,R006,Customer 06,South,Retail,1222.00,8,PENDING,Order batch 06,
2026-09-25 12:55:58.060,R014,Customer 14,South,Online,1518.00,8,INACTIVE,Order batch 14,
2026-09-25 12:55:58.060,R012,Customer 12,West,Wholesale,1444.00,6,INACTIVE,Order batch 12,
2026-09-25 12:55:58.060,R023,Customer 23,East,Services,1851.00,9,INACTIVE,Order batch 23,
2026-09-25 12:55:58.060,R002,Customer 02,South,Wholesale,1074.00,4,INACTIVE,Order batch 02,
2026-09-25 12:55:58.060,R003,Customer 03,East,Services,1200.00,5,PENDING,Order batch 03,
2026-09-25 12:55:58.060,R026,Customer 26,South,Retail,1962.00,4,INACTIVE,Order batch 26,
2026-09-25 12:55:58.060,R004,Customer 04,West,Online,"1,148.00",6,ACTIVE,Order batch 04,
2026-09-25 12:55:58.060,R022,Customer 22,South,Wholesale,1700.00,8,ACTIVE,Order batch 22,
2026-09-25 12:55:58.060,R027,Customer 27,East,Wholesale,1999.00,5,PENDING,Order batch 27,
2026-09-25 12:55:58.060,R019,Customer 19,East,Online,1703.97,5,ACTIVE,Order batch 19,
2026-09-25 12:55:58.060,R030,Customer 30,South,Partner,0.00,8,PENDING,Order batch 30,
2026-09-25 12:55:58.060,R021,Customer 21,North,Retail,1777.00,7,PENDING,Order batch 21,
2026-09-25 12:55:58.060,R008,Customer 08,West,Services,1296.00,2,INACTIVE,Order batch 08,
2026-09-25 12:55:58.060,R011,Customer 11,East,Retail,1407.00,5,INACTIVE,Order batch 11,
2026-09-25 12:55:58.060,R015,Customer 15,East,Retail,1555.00,9,PENDING,Order batch 15,
2026-09-25 12:55:58.060,R020,Customer 20,West,Partner,1740.00,6,INACTIVE,Order batch 20,
2026-09-25 12:55:58.060,R007,Customer 07,East,Wholesale,1459.00,9,ACTIVE,Order batch 07,
